Source,Target,Weight
FolagorLives,FolagorLives,0
POW3Rtv,POW3Rtv,0
Symfuhny,Symfuhny,0
Solary,Solary,0
pokelawls,pokimane,322
pokelawls,slwalekoP,263
pokelawls,HappyThoughts,88
pokelawls,NymN,764
pokelawls,veibae,175
pokelawls,forsen,762
pokelawls,LIRIK,289
pokelawls,sodapoppin,877
lestream,lestream,0
chess24,Chess,45
BeyondTheSummit,tetristhegrandmaster3,14
BeyondTheSummit,Monstercat,14
BeyondTheSummit,franchiseglobalart,16
BeyondTheSummit,RelaxBeats,15
BeyondTheSummit,SaltyTeemo,13
BeyondTheSummit,AlliedEsports,11
BeyondTheSummit,OnlyMXC,14
BeyondTheSummit,allkeyshop_tv,12
BeyondTheSummit,weathernewslive,11
BeyondTheSummit,BTSBrasilTV,19
BeyondTheSummit,dandogg9,11
BeyondTheSummit,aesmatv,12
BeyondTheSummit,Insomniac,12
Kyle,Burn,236
Kyle,kyliebitkin,167
Kyle,dwjft,300
Kyle,MEKABEAR,286
Kyle,LAGTVMaximusBlack,124
Kyle,Hirona,294
Kyle,Ray__C,227
Kyle,Five0AnthO,633
Kyle,uhSnow,482
Kyle,Wolfabelle,164
Kyle,bananabrea,141
Kyle,buddha,369
itsHafu,qttsix,32
itsHafu,franchiseglobalart,26
itsHafu,JoshOG,26
itsHafu,albislol,27
itsHafu,DougisRaw,15
itsHafu,Mews,14
itsHafu,Natsumiii,58
itsHafu,xChocoBars,77
itsHafu,dakotaz,38
itsHafu,Shiphtur,25
itsHafu,HBomb94,30
itsHafu,DumbDog,30
itsHafu,SypherPK,30
Recrent,iLame,93
SteveSuptic,DumbDog,182
Enviosity,Tectone,174
IlloJuan,IlloJuan,0
paka9999,paka9999,0
melina,Kandyland,168
melina,Destiny,90
melina,Jinnytty,162
JASONR,WARDELL,50
Herdyn,ArcadeBulls,37
Akytio,EnriqueRamosGamer,13
Akytio,esl_csgo_pl,10
Akytio,MST3K,11
Akytio,nannanacho,12
Akytio,MissDoitBIG,7
Akytio,viperdemon,14
Akytio,tetristhegrandmaster3,12
Akytio,Monstercat,13
Akytio,chess24es,8
Akytio,derShakes,11
Akytio,franchiseglobalart,12
Akytio,albislol,9
Akytio,RelaxBeats,11
Akytio,TheMexicanRunner,13
Akytio,chess24fr,9
Akytio,laribasgal,9
Akytio,SmittyStone,11
Akytio,HontasG,7
Akytio,dua3362,14
Akytio,Multiplayerit,10
Akytio,Oonolive,14
Akytio,SaltyTeemo,11
Akytio,Cedduzzo,9
Akytio,SalvDali,11
Akytio,killercam1020,11
Akytio,armateam,11
Akytio,airshowerse,9
Akytio,COQTO,12
Akytio,AlliedEsports,12
Akytio,Athena,11
Akytio,DutchsinseOfficial,12
Akytio,BigEx,10
Akytio,LhCloudy27,10
Akytio,POKAMOLODOY,10
Akytio,LiveCryptoTraders,7
Akytio,TheAdapting,6
Akytio,10000DAYS,12
Akytio,Mr__Gibbins,11
Akytio,Esportal,6
Akytio,giganterichard,8
Akytio,OnlyMXC,11
Akytio,CastCrafter,14
Akytio,KSWINNIIE,11
Akytio,XEWER,12
Akytio,Co1azo,15
Akytio,Falcodrin,10
Akytio,allkeyshop_tv,11
Akytio,weathernewslive,12
Akytio,pulgaboy,11
Akytio,iGeStarK,11
Akytio,war10ck3d,8
Akytio,Arab,11
Akytio,dmf_kyochan,5
Akytio,TrymacsKaktusKoenig,9
Akytio,Yoshi93,14
Akytio,emin190766,9
Akytio,dandogg9,11
Akytio,katoo,15
Akytio,ArcadeBulls,13
Akytio,ESAMarathon,13
Akytio,StreamerHouse,10
Akytio,kragiee,11
Akytio,aesmatv,10
Akytio,kangqui,12
Akytio,Insomniac,13
Burn,kyliebitkin,38
Burn,dwjft,114
Burn,MEKABEAR,60
Burn,theLGX,38
Burn,Hirona,181
Burn,Ray__C,94
Burn,Five0AnthO,105
Burn,uhSnow,179
Burn,Wolfabelle,65
Burn,bananabrea,60
honeyball,allkeyshop_tv,4
mailand,Mouzakrobat,107
Skyyart,Skyyart,0
Walid,Walid,0
Colas_Bim,Colas_Bim,0
Sh4dowehhh,Sh4dowehhh,0
kanetv8,kanetv8,0
qttsix,shuteye_orange,47
qttsix,tetristhegrandmaster3,22
qttsix,franchiseglobalart,25
qttsix,JoshOG,15
qttsix,albislol,27
qttsix,beryl_lulu,44
qttsix,DougisRaw,12
qttsix,Mews,12
qttsix,KSPKSP,68
qttsix,vivi0z1,25
qttsix,blusewilly_retry,141
JonBams,Couriway,35
DolphinChemist,DolphinChemist,0
MiltonTPike1,MiltonTPike1,0
Spikevegeta,OnlyMXC,9
Spikevegeta,ESAMarathon,16
kyliebitkin,dwjft,73
kyliebitkin,MEKABEAR,48
kyliebitkin,theLGX,27
kyliebitkin,Hirona,101
kyliebitkin,Five0AnthO,88
kyliebitkin,uhSnow,144
kyliebitkin,Wolfabelle,38
kyliebitkin,bananabrea,54
kyliebitkin,Afro,16
Olsior,Olsior,0
JenNyan,derShakes,32
JenNyan,sukidingels,146
JenNyan,Maty,42
JenNyan,TORRO,181
restya_tw,KSPKSP,168
restya_tw,sweetcampercs,243
Kandyland,Maty,30
Deansocool,MEKABEAR,27
Deansocool,Wolfabelle,31
Deansocool,bananabrea,49
TenekeKafalar_TK,TenekeKafalar_TK,0
Rakyz,Rakyz,0
NickDaBooM,NickDaBooM,0
SchwabbelTown,TheKller,44
fifakillvizualz,fifakillvizualz,0
collet11,kuiki771,72
collet11,nanayango3o,108
collet11,wkgml,40
collet11,kumikomii,43
tteuw,sacy,90
Central_Committee,Central_Committee,0
SilentSentry,SilentSentry,0
viperdemon,EnriqueRamosGamer,14
viperdemon,nannanacho,10
viperdemon,DashDucks,14
viperdemon,Monstercat,13
viperdemon,franchiseglobalart,15
viperdemon,RelaxBeats,14
viperdemon,SmittyStone,13
viperdemon,Multiplayerit,9
viperdemon,Cedduzzo,13
viperdemon,killercam1020,11
viperdemon,armateam,12
viperdemon,COQTO,10
viperdemon,AlliedEsports,14
viperdemon,Athena,13
viperdemon,BigEx,12
viperdemon,POKAMOLODOY,11
viperdemon,LiveCryptoTraders,8
viperdemon,OnlyMXC,13
viperdemon,CastCrafter,15
viperdemon,KSWINNIIE,14
viperdemon,allkeyshop_tv,11
viperdemon,weathernewslive,10
viperdemon,war10ck3d,10
viperdemon,RiffTrax,14
viperdemon,emin190766,8
viperdemon,dandogg9,10
viperdemon,katoo,13
viperdemon,StreamerHouse,11
viperdemon,kragiee,13
viperdemon,aesmatv,13
viperdemon,Insomniac,11
HAchubby,Jinnytty,628
HAchubby,NymN,124
HAchubby,forsen,147
Kalei,Kalei,0
FinaoLive,SmittyStone,14
FinaoLive,AlliedEsports,11
FinaoLive,OnlyMXC,12
FinaoLive,allkeyshop_tv,13
FinaoLive,weathernewslive,11
FinaoLive,aesmatv,13
FinaoLive,Insomniac,14
tetristhegrandmaster3,MST3K,12
tetristhegrandmaster3,nannanacho,9
tetristhegrandmaster3,MissDoitBIG,6
tetristhegrandmaster3,DashDucks,13
tetristhegrandmaster3,Monstercat,15
tetristhegrandmaster3,chess24es,8
tetristhegrandmaster3,derShakes,10
tetristhegrandmaster3,franchiseglobalart,17
tetristhegrandmaster3,RelaxBeats,12
tetristhegrandmaster3,chess24fr,8
tetristhegrandmaster3,Multiplayerit,7
tetristhegrandmaster3,SaltyTeemo,12
tetristhegrandmaster3,Cedduzzo,11
tetristhegrandmaster3,SalvDali,11
tetristhegrandmaster3,killercam1020,12
tetristhegrandmaster3,armateam,11
tetristhegrandmaster3,airshowerse,11
tetristhegrandmaster3,COQTO,9
tetristhegrandmaster3,AlliedEsports,10
tetristhegrandmaster3,Athena,14
tetristhegrandmaster3,DutchsinseOfficial,10
tetristhegrandmaster3,POKAMOLODOY,9
tetristhegrandmaster3,LiveCryptoTraders,8
tetristhegrandmaster3,cuky222,9
tetristhegrandmaster3,OnlyMXC,10
tetristhegrandmaster3,allkeyshop_tv,12
tetristhegrandmaster3,weathernewslive,16
tetristhegrandmaster3,war10ck3d,8
tetristhegrandmaster3,BTSBrasilTV,15
tetristhegrandmaster3,RiffTrax,13
tetristhegrandmaster3,TrymacsKaktusKoenig,8
tetristhegrandmaster3,dandogg9,13
tetristhegrandmaster3,katoo,12
tetristhegrandmaster3,ArcadeBulls,13
tetristhegrandmaster3,ESAMarathon,12
tetristhegrandmaster3,StreamerHouse,10
tetristhegrandmaster3,kragiee,11
tetristhegrandmaster3,aesmatv,10
tetristhegrandmaster3,Insomniac,13
Jaxstyle,Multiplayerit,8
Jaxstyle,AlliedEsports,8
Jaxstyle,Esportal,8
AkTep,AkTep,0
Sr_ThuliuM,Yan1,5
Uthenera,Uthenera,0
Juice,WELOVEGAMES,83
Subroza,WARDELL,182
WillerZ,Gingerliness,56
chess24es,EnriqueRamosGamer,9
chess24es,MST3K,7
chess24es,nannanacho,7
chess24es,MissDoitBIG,5
chess24es,Monstercat,8
chess24es,derShakes,7
chess24es,franchiseglobalart,11
chess24es,Yan1,3
chess24es,RelaxBeats,10
chess24es,chess24fr,6
chess24es,laribasgal,7
chess24es,SmittyStone,9
chess24es,HontasG,4
chess24es,Multiplayerit,6
chess24es,SaltyTeemo,8
chess24es,Cedduzzo,9
chess24es,SalvDali,9
chess24es,killercam1020,7
chess24es,armateam,7
chess24es,airshowerse,7
chess24es,rdo1337,5
chess24es,COQTO,7
chess24es,AlliedEsports,9
chess24es,Athena,11
chess24es,DutchsinseOfficial,7
chess24es,BigEx,9
chess24es,LhCloudy27,8
chess24es,Lapi,8
chess24es,POKAMOLODOY,7
chess24es,LiveCryptoTraders,5
chess24es,TheAdapting,7
chess24es,SocialBoomTV,6
chess24es,Mr__Gibbins,9
chess24es,Kroatomist,5
chess24es,Esportal,6
chess24es,Tourva,6
chess24es,giganterichard,6
chess24es,OnlyMXC,8
chess24es,CastCrafter,10
chess24es,KSWINNIIE,10
chess24es,ThomeFN,9
chess24es,allkeyshop_tv,9
chess24es,weathernewslive,8
chess24es,pulgaboy,10
chess24es,war10ck3d,5
chess24es,TrymacsKaktusKoenig,6
chess24es,emin190766,3
chess24es,dandogg9,6
chess24es,katoo,8
chess24es,StreamerHouse,9
chess24es,kragiee,7
chess24es,aesmatv,9
chess24es,kangqui,8
chess24es,DeeThane,7
chess24es,Insomniac,8
dwjft,MEKABEAR,89
dwjft,Hirona,220
dwjft,Ray__C,320
dwjft,Five0AnthO,240
dwjft,uhSnow,220
dwjft,bananabrea,135
dwjft,buddha,893
skswhdkgo1,nannanacho,9
skswhdkgo1,franchiseglobalart,9
skswhdkgo1,AlliedEsports,11
skswhdkgo1,aesmatv,9
makataO,BULLSEYE,23
makataO,POKAMOLODOY,14
JoshOG,franchiseglobalart,17
JoshOG,albislol,15
JoshOG,DougisRaw,15
JoshOG,Mr__Gibbins,13
JoshOG,Mews,13
JoshOG,RiffTrax,14
JoshOG,aesmatv,8
JoshOG,SypherPK,26
TheKller,TheKller,0
My_Zone_,nannanacho,5
My_Zone_,franchiseglobalart,6
My_Zone_,chess24fr,5
My_Zone_,AlliedEsports,4
My_Zone_,Esportal,5
My_Zone_,allkeyshop_tv,4
itmeJP,Ezekiel_III,58
itmeJP,DansGaming,65
itmeJP,CohhCarnage,158
sukidingels,derShakes,20
sukidingels,TORRO,101
albislol,MST3K,9
albislol,nannanacho,7
albislol,Monstercat,9
albislol,franchiseglobalart,31
albislol,RelaxBeats,9
albislol,chess24fr,6
albislol,Multiplayerit,7
albislol,Oonolive,17
albislol,Amaz,22
albislol,armateam,9
albislol,DougisRaw,9
albislol,AlliedEsports,8
albislol,Mr__Gibbins,14
albislol,Mews,13
albislol,KSPKSP,27
albislol,vivi0z1,28
albislol,godjj,45
albislol,allkeyshop_tv,8
albislol,weathernewslive,9
albislol,uzra,57
albislol,nodolly,28
albislol,war10ck3d,7
albislol,RiffTrax,17
albislol,lovelyyeon,17
albislol,TheRealzBlueWater,22
albislol,Spraggy,16
albislol,aesmatv,6
albislol,kangqui,9
albislol,Insomniac,9
Twaryna,MSStudio,200
RelaxBeats,EnriqueRamosGamer,11
RelaxBeats,MST3K,9
RelaxBeats,nannanacho,9
RelaxBeats,MissDoitBIG,7
RelaxBeats,DashDucks,15
RelaxBeats,Monstercat,17
RelaxBeats,derShakes,9
RelaxBeats,franchiseglobalart,17
RelaxBeats,Yan1,5
RelaxBeats,chess24fr,5
RelaxBeats,laribasgal,9
RelaxBeats,SmittyStone,12
RelaxBeats,HontasG,6
RelaxBeats,dua3362,11
RelaxBeats,Multiplayerit,7
RelaxBeats,SaltyTeemo,12
RelaxBeats,Cedduzzo,11
RelaxBeats,SalvDali,10
RelaxBeats,killercam1020,10
RelaxBeats,armateam,11
RelaxBeats,airshowerse,8
RelaxBeats,rdo1337,6
RelaxBeats,COQTO,10
RelaxBeats,AlliedEsports,11
RelaxBeats,Athena,13
RelaxBeats,Mande,12
RelaxBeats,DutchsinseOfficial,12
RelaxBeats,BigEx,11
RelaxBeats,Lapi,10
RelaxBeats,Xaryu,6
RelaxBeats,POKAMOLODOY,10
RelaxBeats,LiveCryptoTraders,8
RelaxBeats,Alliance_Hakis,9
RelaxBeats,zunksoyyo,7
RelaxBeats,TheAdapting,7
RelaxBeats,SocialBoomTV,9
RelaxBeats,he0901,9
RelaxBeats,10000DAYS,11
RelaxBeats,Mr__Gibbins,11
RelaxBeats,Esportal,7
RelaxBeats,giganterichard,9
RelaxBeats,OnlyMXC,13
RelaxBeats,CastCrafter,13
RelaxBeats,KSWINNIIE,11
RelaxBeats,Co1azo,12
RelaxBeats,Falcodrin,13
RelaxBeats,ThomeFN,12
RelaxBeats,allkeyshop_tv,13
RelaxBeats,VELLOSO,7
RelaxBeats,weathernewslive,10
RelaxBeats,pulgaboy,11
RelaxBeats,iGeStarK,11
RelaxBeats,war10ck3d,9
RelaxBeats,SaltyBet,12
RelaxBeats,BTSBrasilTV,15
RelaxBeats,Arab,10
RelaxBeats,dmf_kyochan,7
RelaxBeats,moogrr1211,12
RelaxBeats,RiffTrax,15
RelaxBeats,TrymacsKaktusKoenig,8
RelaxBeats,emin190766,7
RelaxBeats,dandogg9,9
RelaxBeats,katoo,11
RelaxBeats,ArcadeBulls,12
RelaxBeats,ESAMarathon,10
RelaxBeats,StreamerHouse,12
RelaxBeats,kragiee,14
RelaxBeats,aesmatv,13
RelaxBeats,kangqui,10
RelaxBeats,DeeThane,9
RelaxBeats,Insomniac,13
Slysssa,pulgaboy,22
TheMexicanRunner,EnriqueRamosGamer,11
TheMexicanRunner,nannanacho,10
TheMexicanRunner,Monstercat,10
TheMexicanRunner,derShakes,10
TheMexicanRunner,franchiseglobalart,9
TheMexicanRunner,chess24fr,7
TheMexicanRunner,SmittyStone,10
TheMexicanRunner,AlliedEsports,10
TheMexicanRunner,OnlyMXC,9
TheMexicanRunner,allkeyshop_tv,8
TheMexicanRunner,weathernewslive,10
TheMexicanRunner,dandogg9,9
TheMexicanRunner,katoo,11
TheMexicanRunner,ESAMarathon,14
TheMexicanRunner,aesmatv,9
TheMexicanRunner,Insomniac,10
kuiki771,nanayango3o,86
kuiki771,wkgml,90
kuiki771,kumikomii,98
TobiasFate,TobiasFate,0
SmittyStone,EnriqueRamosGamer,11
SmittyStone,MST3K,8
SmittyStone,nannanacho,10
SmittyStone,MissDoitBIG,6
SmittyStone,Monstercat,10
SmittyStone,derShakes,10
SmittyStone,franchiseglobalart,10
SmittyStone,chess24fr,6
SmittyStone,Multiplayerit,8
SmittyStone,SaltyTeemo,9
SmittyStone,Cedduzzo,11
SmittyStone,killercam1020,10
SmittyStone,armateam,9
SmittyStone,COQTO,9
SmittyStone,AlliedEsports,12
SmittyStone,Athena,11
SmittyStone,Mande,13
SmittyStone,DutchsinseOfficial,9
SmittyStone,BigEx,11
SmittyStone,LhCloudy27,10
SmittyStone,POKAMOLODOY,11
SmittyStone,LiveCryptoTraders,9
SmittyStone,Alliance_Hakis,11
SmittyStone,TheAdapting,7
SmittyStone,10000DAYS,12
SmittyStone,Mr__Gibbins,10
SmittyStone,Esportal,6
SmittyStone,giganterichard,8
SmittyStone,OnlyMXC,11
SmittyStone,CastCrafter,14
SmittyStone,KSWINNIIE,13
SmittyStone,Co1azo,13
SmittyStone,Falcodrin,9
SmittyStone,ThomeFN,12
SmittyStone,allkeyshop_tv,11
SmittyStone,VELLOSO,8
SmittyStone,weathernewslive,10
SmittyStone,war10ck3d,9
SmittyStone,dmf_kyochan,5
SmittyStone,TrymacsKaktusKoenig,8
SmittyStone,Yoshi93,13
SmittyStone,emin190766,6
SmittyStone,dandogg9,7
SmittyStone,katoo,12
SmittyStone,StreamerHouse,11
SmittyStone,kragiee,10
SmittyStone,aesmatv,13
SmittyStone,kangqui,10
SmittyStone,DeeThane,9
SmittyStone,Insomniac,10
TaliaMar,freyzplayz,88
TaliaMar,Wolfabelle,40
Multiplayerit,EnriqueRamosGamer,9
Multiplayerit,MST3K,7
Multiplayerit,nannanacho,6
Multiplayerit,MissDoitBIG,4
Multiplayerit,Monstercat,7
Multiplayerit,derShakes,7
Multiplayerit,franchiseglobalart,8
Multiplayerit,Yan1,3
Multiplayerit,chess24fr,5
Multiplayerit,laribasgal,6
Multiplayerit,HontasG,6
Multiplayerit,Cedduzzo,6
Multiplayerit,SalvDali,9
Multiplayerit,killercam1020,5
Multiplayerit,armateam,8
Multiplayerit,COQTO,8
Multiplayerit,AlliedEsports,9
Multiplayerit,DutchsinseOfficial,7
Multiplayerit,BigEx,7
Multiplayerit,LhCloudy27,8
Multiplayerit,POKAMOLODOY,7
Multiplayerit,LiveCryptoTraders,4
Multiplayerit,TheAdapting,5
Multiplayerit,Esportal,5
Multiplayerit,Tourva,5
Multiplayerit,giganterichard,4
Multiplayerit,OnlyMXC,6
Multiplayerit,DQA_TFT,6
Multiplayerit,KSWINNIIE,8
Multiplayerit,allkeyshop_tv,6
Multiplayerit,weathernewslive,6
Multiplayerit,iGeStarK,8
Multiplayerit,war10ck3d,6
Multiplayerit,Arab,9
Multiplayerit,dmf_kyochan,3
Multiplayerit,TrymacsKaktusKoenig,6
Multiplayerit,emin190766,6
Multiplayerit,dandogg9,7
Multiplayerit,katoo,9
Multiplayerit,Naguura,4
Multiplayerit,StreamerHouse,6
Multiplayerit,TurunPug,9
Multiplayerit,aesmatv,6
Multiplayerit,kangqui,6
Multiplayerit,Insomniac,7
LumeiFei,rdo1337,10
Oonolive,EnriqueRamosGamer,15
Oonolive,franchiseglobalart,22
Oonolive,armateam,13
Oonolive,AlliedEsports,13
Oonolive,Lapi,33
Oonolive,Mr__Gibbins,17
Oonolive,allkeyshop_tv,11
Oonolive,weathernewslive,12
Oonolive,RiffTrax,19
Jackeyy,boyMinORu,176
BULLSEYE,BULLSEYE,0
SoyFelipez360,SoyFelipez360,0
ToneEUW,ToneEUW,0
ShoXx__,Maty,29
ShoXx__,Valle,56
ShoXx__,MasterTay,43
DavyJones,DavyJones,0
shenryyr,Cringer,15
SaltyTeemo,EnriqueRamosGamer,9
SaltyTeemo,nannanacho,9
SaltyTeemo,MissDoitBIG,6
SaltyTeemo,DashDucks,12
SaltyTeemo,Monstercat,13
SaltyTeemo,franchiseglobalart,13
SaltyTeemo,chess24fr,7
SaltyTeemo,laribasgal,9
SaltyTeemo,Cedduzzo,9
SaltyTeemo,SalvDali,11
SaltyTeemo,killercam1020,10
SaltyTeemo,armateam,10
SaltyTeemo,airshowerse,9
SaltyTeemo,COQTO,8
SaltyTeemo,AlliedEsports,12
SaltyTeemo,Athena,11
SaltyTeemo,DutchsinseOfficial,11
SaltyTeemo,Lapi,11
SaltyTeemo,LiveCryptoTraders,7
SaltyTeemo,TheAdapting,6
SaltyTeemo,giganterichard,9
SaltyTeemo,OnlyMXC,11
SaltyTeemo,Falcodrin,10
SaltyTeemo,allkeyshop_tv,11
SaltyTeemo,weathernewslive,9
SaltyTeemo,pulgaboy,12
SaltyTeemo,war10ck3d,9
SaltyTeemo,RiffTrax,15
SaltyTeemo,dandogg9,10
SaltyTeemo,katoo,11
SaltyTeemo,ESAMarathon,11
SaltyTeemo,StreamerHouse,10
SaltyTeemo,kragiee,10
SaltyTeemo,aesmatv,11
SaltyTeemo,kangqui,9
SaltyTeemo,Insomniac,13
Cedduzzo,EnriqueRamosGamer,11
Cedduzzo,esl_csgo_pl,10
Cedduzzo,MST3K,10
Cedduzzo,nannanacho,9
Cedduzzo,Monstercat,9
Cedduzzo,derShakes,9
Cedduzzo,franchiseglobalart,13
Cedduzzo,chess24fr,7
Cedduzzo,laribasgal,9
Cedduzzo,killercam1020,11
Cedduzzo,armateam,12
Cedduzzo,airshowerse,9
Cedduzzo,COQTO,9
Cedduzzo,AlliedEsports,11
Cedduzzo,Athena,12
Cedduzzo,DutchsinseOfficial,9
Cedduzzo,BigEx,12
Cedduzzo,POKAMOLODOY,9
Cedduzzo,LiveCryptoTraders,8
Cedduzzo,10000DAYS,12
Cedduzzo,Kroatomist,8
Cedduzzo,Esportal,7
Cedduzzo,Tourva,8
Cedduzzo,giganterichard,9
Cedduzzo,OnlyMXC,10
Cedduzzo,CastCrafter,12
Cedduzzo,KSWINNIIE,11
Cedduzzo,ThomeFN,12
Cedduzzo,allkeyshop_tv,12
Cedduzzo,VELLOSO,6
Cedduzzo,weathernewslive,12
Cedduzzo,pulgaboy,12
Cedduzzo,war10ck3d,9
Cedduzzo,RiffTrax,13
Cedduzzo,TrymacsKaktusKoenig,7
Cedduzzo,emin190766,7
Cedduzzo,dandogg9,10
Cedduzzo,katoo,10
Cedduzzo,StreamerHouse,11
Cedduzzo,kragiee,10
Cedduzzo,aesmatv,11
Cedduzzo,Insomniac,11
Dennsen86,Dennsen86,0
Cesarvsc,Cesarvsc,0
Mulder,Mulder,0
zxcursed,zxcursed,0
airshowerse,EnriqueRamosGamer,8
airshowerse,MST3K,8
airshowerse,nannanacho,11
airshowerse,Monstercat,10
airshowerse,derShakes,8
airshowerse,franchiseglobalart,9
airshowerse,chess24fr,9
airshowerse,killercam1020,8
airshowerse,armateam,8
airshowerse,AlliedEsports,8
airshowerse,LiveCryptoTraders,5
airshowerse,giganterichard,6
airshowerse,OnlyMXC,7
airshowerse,allkeyshop_tv,10
airshowerse,weathernewslive,11
airshowerse,war10ck3d,6
airshowerse,emin190766,5
airshowerse,dandogg9,10
airshowerse,katoo,9
airshowerse,ArcadeBulls,11
airshowerse,StreamerHouse,8
airshowerse,aesmatv,9
airshowerse,kangqui,10
airshowerse,Insomniac,9
innocents,ops1x,37
innocents,AlliedEsports,10
innocents,BigEx,14
innocents,Arab,19
innocents,dandogg9,12
COQTO,EnriqueRamosGamer,12
COQTO,esl_csgo_pl,9
COQTO,MST3K,11
COQTO,nannanacho,7
COQTO,MissDoitBIG,7
COQTO,DashDucks,11
COQTO,Monstercat,10
COQTO,derShakes,9
COQTO,franchiseglobalart,10
COQTO,chess24fr,7
COQTO,laribasgal,7
COQTO,HontasG,7
COQTO,killercam1020,9
COQTO,armateam,10
COQTO,AlliedEsports,11
COQTO,Athena,9
COQTO,DutchsinseOfficial,10
COQTO,BigEx,9
COQTO,LhCloudy27,10
COQTO,POKAMOLODOY,8
COQTO,LiveCryptoTraders,7
COQTO,Alliance_Hakis,8
COQTO,TheAdapting,5
COQTO,SocialBoomTV,7
COQTO,Kroatomist,7
COQTO,Esportal,6
COQTO,Tourva,7
COQTO,giganterichard,8
COQTO,cuky222,8
COQTO,OnlyMXC,9
COQTO,CastCrafter,11
COQTO,DQA_TFT,8
COQTO,KSWINNIIE,9
COQTO,XEWER,21
COQTO,Co1azo,12
COQTO,Falcodrin,9
COQTO,Jolavanille,35
COQTO,ThomeFN,11
COQTO,allkeyshop_tv,11
COQTO,weathernewslive,10
COQTO,pulgaboy,12
COQTO,iGeStarK,9
COQTO,war10ck3d,8
COQTO,dmf_kyochan,5
COQTO,TrymacsKaktusKoenig,9
COQTO,emin190766,7
COQTO,dandogg9,9
COQTO,NeverSayYesTwitch,22
COQTO,katoo,10
COQTO,ArcadeBulls,11
COQTO,ESAMarathon,11
COQTO,StreamerHouse,11
COQTO,kragiee,9
COQTO,aesmatv,8
COQTO,kangqui,8
COQTO,DeeThane,9
COQTO,Insomniac,12
Athena,EnriqueRamosGamer,12
Athena,MST3K,11
Athena,nannanacho,8
Athena,MissDoitBIG,7
Athena,DashDucks,14
Athena,Monstercat,13
Athena,franchiseglobalart,14
Athena,killercam1020,11
Athena,armateam,9
Athena,AlliedEsports,11
Athena,DutchsinseOfficial,10
Athena,BigEx,12
Athena,LiveCryptoTraders,9
Athena,Alliance_Hakis,12
Athena,SocialBoomTV,10
Athena,Mr__Gibbins,14
Athena,giganterichard,10
Athena,OnlyMXC,13
Athena,KSWINNIIE,12
Athena,Co1azo,19
Athena,ThomeFN,14
Athena,allkeyshop_tv,12
Athena,weathernewslive,11
Athena,RiffTrax,15
Athena,dandogg9,10
Athena,katoo,11
Athena,ESAMarathon,13
Athena,StreamerHouse,14
Athena,aesmatv,12
Athena,DeeThane,12
Athena,Insomniac,11
chefstrobel,katoo,18
DutchsinseOfficial,EnriqueRamosGamer,11
DutchsinseOfficial,MST3K,10
DutchsinseOfficial,nannanacho,9
DutchsinseOfficial,MissDoitBIG,7
DutchsinseOfficial,Monstercat,12
DutchsinseOfficial,derShakes,8
DutchsinseOfficial,franchiseglobalart,11
DutchsinseOfficial,chess24fr,6
DutchsinseOfficial,laribasgal,9
DutchsinseOfficial,HontasG,7
DutchsinseOfficial,killercam1020,9
DutchsinseOfficial,armateam,9
DutchsinseOfficial,AlliedEsports,12
DutchsinseOfficial,BigEx,9
DutchsinseOfficial,LiveCryptoTraders,8
DutchsinseOfficial,TheAdapting,6
DutchsinseOfficial,SocialBoomTV,8
DutchsinseOfficial,Esportal,6
DutchsinseOfficial,giganterichard,8
DutchsinseOfficial,OnlyMXC,11
DutchsinseOfficial,CastCrafter,11
DutchsinseOfficial,allkeyshop_tv,10
DutchsinseOfficial,weathernewslive,9
DutchsinseOfficial,war10ck3d,8
DutchsinseOfficial,RiffTrax,12
DutchsinseOfficial,TrymacsKaktusKoenig,8
DutchsinseOfficial,emin190766,7
DutchsinseOfficial,dandogg9,9
DutchsinseOfficial,katoo,9
DutchsinseOfficial,ArcadeBulls,12
DutchsinseOfficial,ESAMarathon,11
DutchsinseOfficial,StreamerHouse,11
DutchsinseOfficial,kragiee,10
DutchsinseOfficial,aesmatv,8
DutchsinseOfficial,Insomniac,11
BigEx,EnriqueRamosGamer,13
BigEx,nannanacho,9
BigEx,derShakes,10
BigEx,franchiseglobalart,12
BigEx,chess24fr,6
BigEx,laribasgal,8
BigEx,killercam1020,9
BigEx,armateam,9
BigEx,AlliedEsports,12
BigEx,Lapi,10
BigEx,POKAMOLODOY,9
BigEx,LiveCryptoTraders,8
BigEx,Esportal,8
BigEx,giganterichard,10
BigEx,OnlyMXC,10
BigEx,CastCrafter,12
BigEx,KSWINNIIE,11
BigEx,allkeyshop_tv,9
BigEx,VELLOSO,7
BigEx,weathernewslive,9
BigEx,war10ck3d,8
BigEx,RiffTrax,12
BigEx,emin190766,7
BigEx,dandogg9,44
BigEx,katoo,10
BigEx,StreamerHouse,12
BigEx,aesmatv,11
BigEx,Insomniac,9
FenoHS,FenoHS,0
wagnificent,AlliedEsports,11
wagnificent,allkeyshop_tv,10
wagnificent,aesmatv,10
wagnificent,Insomniac,12
LhCloudy27,MST3K,10
LhCloudy27,nannanacho,7
LhCloudy27,Monstercat,9
LhCloudy27,derShakes,9
LhCloudy27,franchiseglobalart,10
LhCloudy27,chess24fr,6
LhCloudy27,SalvDali,11
LhCloudy27,killercam1020,10
LhCloudy27,AlliedEsports,10
LhCloudy27,Esportal,8
LhCloudy27,OnlyMXC,8
LhCloudy27,KSWINNIIE,10
LhCloudy27,allkeyshop_tv,9
LhCloudy27,weathernewslive,10
LhCloudy27,dandogg9,7
LhCloudy27,kragiee,11
LhCloudy27,aesmatv,8
LhCloudy27,Insomniac,13
easywithaces,MST3K,10
easywithaces,chess24fr,7
easywithaces,AlliedEsports,8
easywithaces,Esportal,7
easywithaces,allkeyshop_tv,7
easywithaces,weathernewslive,10
easywithaces,Spraggy,51
easywithaces,Insomniac,9
Xaryu,MissDoitBIG,3
Xaryu,HontasG,5
Xaryu,AlliedEsports,3
Xaryu,LiveCryptoTraders,3
Xaryu,allkeyshop_tv,3
Xaryu,emin190766,4
Xaryu,Naguura,4
del1ght,nannanacho,11
del1ght,Monstercat,13
del1ght,AlliedEsports,11
del1ght,allkeyshop_tv,11
del1ght,weathernewslive,12
del1ght,Insomniac,14
LiveCryptoTraders,BruisedByGod,2
LiveCryptoTraders,EnriqueRamosGamer,9
LiveCryptoTraders,MST3K,7
LiveCryptoTraders,nannanacho,5
LiveCryptoTraders,MissDoitBIG,5
LiveCryptoTraders,Monstercat,9
LiveCryptoTraders,derShakes,5
LiveCryptoTraders,franchiseglobalart,7
LiveCryptoTraders,Yan1,3
LiveCryptoTraders,Jaidefinichon,2
LiveCryptoTraders,chess24fr,3
LiveCryptoTraders,laribasgal,4
LiveCryptoTraders,HontasG,4
LiveCryptoTraders,killercam1020,8
LiveCryptoTraders,armateam,6
LiveCryptoTraders,AlliedEsports,8
LiveCryptoTraders,POKAMOLODOY,7
LiveCryptoTraders,Alliance_Hakis,7
LiveCryptoTraders,TheAdapting,4
LiveCryptoTraders,SocialBoomTV,5
LiveCryptoTraders,10000DAYS,8
LiveCryptoTraders,Esportal,3
LiveCryptoTraders,Tourva,4
LiveCryptoTraders,giganterichard,6
LiveCryptoTraders,OnlyMXC,7
LiveCryptoTraders,Mews,3
LiveCryptoTraders,CastCrafter,8
LiveCryptoTraders,KSWINNIIE,7
LiveCryptoTraders,Falcodrin,6
LiveCryptoTraders,limit_maximum,3
LiveCryptoTraders,ThomeFN,10
LiveCryptoTraders,allkeyshop_tv,9
LiveCryptoTraders,VELLOSO,5
LiveCryptoTraders,weathernewslive,7
LiveCryptoTraders,war10ck3d,4
LiveCryptoTraders,SaltyBet,8
LiveCryptoTraders,dmf_kyochan,3
LiveCryptoTraders,RiffTrax,9
LiveCryptoTraders,TrymacsKaktusKoenig,6
LiveCryptoTraders,emin190766,6
LiveCryptoTraders,dandogg9,7
LiveCryptoTraders,katoo,6
LiveCryptoTraders,ArcadeBulls,8
LiveCryptoTraders,ESAMarathon,7
LiveCryptoTraders,StreamerHouse,9
LiveCryptoTraders,kragiee,6
LiveCryptoTraders,aesmatv,7
LiveCryptoTraders,kangqui,5
LiveCryptoTraders,Insomniac,8
SpiukBS,SpiukBS,0
WagamamaTV,WagamamaTV,0
Morryeej,cuky222,89
Morryeej,DeeThane,41
Faux,Faux,0
EJ_SA,EJ_SA,0
suetam1v4,blxckoutz,73
suetam1v4,ThomeFN,29
suetam1v4,pulgaboy,49
Zblito,Zblito,0
dahmien7,BibixHD,22
SocialBoomTV,MST3K,8
SocialBoomTV,MissDoitBIG,5
SocialBoomTV,Monstercat,9
SocialBoomTV,franchiseglobalart,10
SocialBoomTV,Yan1,5
SocialBoomTV,HontasG,6
SocialBoomTV,AlliedEsports,8
SocialBoomTV,Lapi,10
SocialBoomTV,Esportal,6
SocialBoomTV,giganterichard,7
SocialBoomTV,OnlyMXC,10
SocialBoomTV,allkeyshop_tv,7
SocialBoomTV,weathernewslive,6
SocialBoomTV,RiffTrax,11
SocialBoomTV,StreamerHouse,11
SocialBoomTV,aesmatv,6
SocialBoomTV,Insomniac,8
he0901,nannanacho,8
he0901,franchiseglobalart,12
he0901,allkeyshop_tv,8
Dada,Dada,0
Mr__Gibbins,nannanacho,8
Mr__Gibbins,Flambass,67
Mr__Gibbins,derShakes,10
Mr__Gibbins,franchiseglobalart,19
Mr__Gibbins,DougisRaw,13
Mr__Gibbins,AlliedEsports,10
Mr__Gibbins,OnlyMXC,9
Mr__Gibbins,Mews,13
Mr__Gibbins,allkeyshop_tv,9
Mr__Gibbins,weathernewslive,8
Mr__Gibbins,RiffTrax,17
Mr__Gibbins,dandogg9,8
Mr__Gibbins,StreamerHouse,10
Mr__Gibbins,Spraggy,17
Mr__Gibbins,aesmatv,10
Mr__Gibbins,Insomniac,9
Drjayfisto,AlliedEsports,10
Drjayfisto,Naowh,45
Kroatomist,MissDoitBIG,4
Kroatomist,franchiseglobalart,7
Kroatomist,Yan1,4
Kroatomist,HontasG,5
Kroatomist,armateam,6
Kroatomist,rdo1337,7
Kroatomist,AlliedEsports,5
Kroatomist,zunksoyyo,7
Kroatomist,allkeyshop_tv,5
Kroatomist,weathernewslive,5
Kroatomist,war10ck3d,5
Kroatomist,emin190766,5
Kroatomist,aesmatv,5
LAGTVMaximusBlack,MEKABEAR,27
LAGTVMaximusBlack,Hirona,37
LAGTVMaximusBlack,Five0AnthO,67
LAGTVMaximusBlack,uhSnow,56
LAGTVMaximusBlack,Afro,126
SgtGrafoyni,elwycco,94
HappyThoughts,slwalekoP,17
HappyThoughts,NymN,64
HappyThoughts,Dyrus,39
HappyThoughts,veibae,106
HappyThoughts,aesmatv,8
J0J0C69,ANTILIPSI,19
Cringer,AlliedEsports,8
Cringer,giganterichard,9
Cringer,allkeyshop_tv,8
Cringer,StreamerHouse,12
Cringer,aesmatv,8
BibixHD,franchiseglobalart,13
cuky222,nannanacho,6
cuky222,Monstercat,9
cuky222,franchiseglobalart,7
cuky222,chess24fr,6
cuky222,HontasG,5
cuky222,AlliedEsports,5
cuky222,Halifax,8
cuky222,DQA_TFT,8
cuky222,allkeyshop_tv,6
cuky222,weathernewslive,9
cuky222,iGeStarK,9
cuky222,emin190766,6
cuky222,dandogg9,7
cuky222,DeeThane,39
cuky222,Insomniac,7
Mews,franchiseglobalart,15
Mews,Yan1,4
Mews,HontasG,4
Mews,DougisRaw,11
Mews,AlliedEsports,5
Mews,allkeyshop_tv,4
Mews,RiffTrax,13
Mews,Spraggy,13
Mews,aesmatv,5
KSPKSP,shuteye_orange,56
KSPKSP,franchiseglobalart,31
KSPKSP,beryl_lulu,108
KSPKSP,vivi0z1,28
KSPKSP,et_1231,70
KSPKSP,uzra,68
KSPKSP,sweetcampercs,97
KSPKSP,blusewilly_retry,207
elwycco,elwycco,0
ubeka_,franchiseglobalart,8
ubeka_,AlliedEsports,7
SZ_Taisheen,Mande,24
SZ_Taisheen,Alliance_Hakis,16
Valle,AlliedEsports,16
Valle,Maty,33
Valle,MasterTay,134
KindaFunnyGames,KindaFunnyGames,0
mortenroyale,mortenroyale,0
JustGaBBo,JustGaBBo,0
TaKeTV,TaKeTV,0
Otzdarva,Otzdarva,0
sujagg,EnriqueRamosGamer,32
sujagg,paracetamor,42
sujagg,Vicens,61
sujagg,iGeStarK,69
sujagg,NAKOO_Fn,117
Natsumiii,pokimane,208
Natsumiii,xChocoBars,137
Natsumiii,Shiphtur,58
1DrakoNz,blxckoutz,239
1DrakoNz,tiburciand0,86
1DrakoNz,mch_AGG,53
1DrakoNz,SkipNhO,61
1DrakoNz,ThomeFN,174
1DrakoNz,pulgaboy,114
nokduro,nokduro,0
Bonjwa,Dhalucard,113
Bonjwa,Staiy,114
Bonjwa,RocketBeansTV,66
Bonjwa,Baso,61
TeePee,TeePee,0
JohnPitterTV,blxckoutz,88
JohnPitterTV,tiburciand0,180
JohnPitterTV,mch_AGG,105
limit_maximum,Monstercat,6
limit_maximum,emin190766,3
limit_maximum,dandogg9,4
limit_maximum,Naguura,10
MuTeX,MuTeX,0
Distortion2,Elajjaz,125
ElmiilloR,littleragergirl,243
Jolavanille,Jolavanille,0
LEGOO,LEGOO,0
Sequisha,Sequisha,0
BarbarousKing,BarbarousKing,0
TFBlade,TFBlade,0
Sacriel,Klean,62
Sacriel,CohhCarnage,137
DessT3,DessT3,0
NateHill,Co1azo,29
NateHill,SypherPK,31
Mithrain,Mithrain,0
saddummy,lovelyyeon,75
saddummy,sonycast_,97
masondota2,masondota2,0
SidneyEweka,Vadeal,111
SidneyEweka,NiklasWilson,153
mch_AGG,blxckoutz,143
mch_AGG,nahzinhaa,92
mch_AGG,tiburciand0,256
mch_AGG,SkipNhO,125
mch_AGG,ThomeFN,111
mch_AGG,allkeyshop_tv,13
mch_AGG,VELLOSO,17
mch_AGG,bt0tv,213
mch_AGG,weathernewslive,14
mch_AGG,yeTz,26
mch_AGG,pulgaboy,19
mch_AGG,fnxLNTC,79
mch_AGG,Insomniac,15
sweetdreams,sweetdreams,0
Emongg,Jay3,36
Emongg,mL7support,59
Emongg,kragiee,23
ANGRYPUG,ANGRYPUG,0
NymN,pokimane,318
NymN,slwalekoP,164
NymN,Destiny,100
NymN,Jinnytty,187
NymN,veibae,269
NymN,forsen,1119
NymN,LIRIK,256
NymN,sodapoppin,716
VELLOSO,blxckoutz,29
VELLOSO,BruisedByGod,3
VELLOSO,nannanacho,5
VELLOSO,MissDoitBIG,4
VELLOSO,tiburciand0,35
VELLOSO,Monstercat,6
VELLOSO,derShakes,6
VELLOSO,franchiseglobalart,6
VELLOSO,AlliedEsports,5
VELLOSO,TheAdapting,3
VELLOSO,Esportal,5
VELLOSO,giganterichard,5
VELLOSO,OnlyMXC,7
VELLOSO,Falcodrin,8
VELLOSO,ThomeFN,37
VELLOSO,allkeyshop_tv,5
VELLOSO,weathernewslive,5
VELLOSO,war10ck3d,4
VELLOSO,dmf_kyochan,3
VELLOSO,TrymacsKaktusKoenig,6
VELLOSO,emin190766,4
VELLOSO,dandogg9,4
VELLOSO,StreamerHouse,8
VELLOSO,aesmatv,6
VELLOSO,Insomniac,5
dogdog,dogdog,0
ELoTRiX,ELoTRiX,0
Staiy,Dekarldent,352
dakotaz,dakotaz,0
QuickyBaby,skill4ltu,68
Giantwaffle,Giantwaffle,0
Rumathra,Rumathra,0
yeTz,blxckoutz,19
yeTz,giganterichard,5
yeTz,SkipNhO,29
yeTz,ThomeFN,15
yeTz,fnxLNTC,22
obm1025,obm1025,0
WARDELL,WARDELL,0
TEBtv,TEBtv,0
nodolly,franchiseglobalart,30
AbdulHD,AbdulHD,0
MrSoki,FlexZ,77
RocketBeansTV,RocketBeansTV,0
ESL_csgo_es,ESL_csgo_es,0
iGeStarK,EnriqueRamosGamer,23
iGeStarK,MST3K,10
iGeStarK,nannanacho,8
iGeStarK,Monstercat,13
iGeStarK,derShakes,10
iGeStarK,franchiseglobalart,12
iGeStarK,laribasgal,9
iGeStarK,armateam,10
iGeStarK,AlliedEsports,8
iGeStarK,Esportal,7
iGeStarK,OnlyMXC,9
iGeStarK,Vicens,31
iGeStarK,allkeyshop_tv,10
iGeStarK,weathernewslive,10
iGeStarK,Arab,12
iGeStarK,dandogg9,8
iGeStarK,ESAMarathon,12
iGeStarK,NAKOO_Fn,42
iGeStarK,aesmatv,7
iGeStarK,Insomniac,10
BananaSlamJamma,BananaSlamJamma,0
grafo,grafo,0
Deadlyslob,Deadlyslob,0
VERNI_SHAVERMY,VERNI_SHAVERMY,0
Reborn_Live,karchez,50
Reborn_Live,Perxitaa,159
NiklasWilson,NiklasWilson,0
Shiphtur,Shiphtur,0
Dyrus,slwalekoP,25
ajehr,ajehr,0
TheDarkness,TheDarkness,0
moogrr1211,nannanacho,14
moogrr1211,franchiseglobalart,14
moogrr1211,AlliedEsports,11
moogrr1211,OnlyMXC,14
moogrr1211,allkeyshop_tv,11
moogrr1211,weathernewslive,12
moogrr1211,StreamerHouse,14
moogrr1211,aesmatv,11
moogrr1211,Insomniac,14
littleragergirl,littleragergirl,0
Diables,EWROON,858
Diables,PAGO3,266
OgamingSC2,OgamingSC2,0
MenosTrece,xXxTheFocuSxXx,123
MenosTrece,paracetamor,112
Im_Dontai,Im_Dontai,0
sweetcampercs,beryl_lulu,65
sweetcampercs,et_1231,109
Kennzy,Baiano,115
TheRunningManZ,TheRunningManZ,0
lovelyyeon,franchiseglobalart,22
lovelyyeon,RiffTrax,19
lovelyyeon,sonycast_,68
TheRealzBlueWater,franchiseglobalart,42
TheRealzBlueWater,RiffTrax,21
BerriTV,AlliedEsports,6
BerriTV,allkeyshop_tv,7
BerriTV,Insomniac,8
emin190766,BruisedByGod,2
emin190766,EnriqueRamosGamer,10
emin190766,MST3K,6
emin190766,nannanacho,6
emin190766,MissDoitBIG,7
emin190766,Monstercat,6
emin190766,derShakes,7
emin190766,franchiseglobalart,6
emin190766,Yan1,3
emin190766,Jaidefinichon,2
emin190766,chess24fr,4
emin190766,HontasG,4
emin190766,Arvius,5
emin190766,SalvDali,6
emin190766,killercam1020,4
emin190766,armateam,6
emin190766,DougisRaw,5
emin190766,rdo1337,4
emin190766,AlliedEsports,8
emin190766,POKAMOLODOY,5
emin190766,Alliance_Hakis,6
emin190766,TheAdapting,2
emin190766,Esportal,3
emin190766,Tourva,4
emin190766,giganterichard,5
emin190766,OnlyMXC,4
emin190766,CastCrafter,8
emin190766,DQA_TFT,6
emin190766,allkeyshop_tv,6
emin190766,weathernewslive,5
emin190766,war10ck3d,5
emin190766,dmf_kyochan,4
emin190766,TrymacsKaktusKoenig,4
emin190766,dandogg9,7
emin190766,katoo,9
emin190766,Naguura,2
emin190766,StreamerHouse,6
emin190766,aesmatv,5
emin190766,DeeThane,7
emin190766,Insomniac,6
Naowh,GingiTV,54
Mongraal,Vadeal,354
NeverSayYesTwitch,NeverSayYesTwitch,0
xPandorya,GronkhTV,51
Klean,Klean,0
katoo,EnriqueRamosGamer,12
katoo,MST3K,9
katoo,nannanacho,10
katoo,Monstercat,11
katoo,derShakes,12
katoo,Vadeal,58
katoo,franchiseglobalart,11
katoo,chess24fr,8
katoo,laribasgal,9
katoo,killercam1020,11
katoo,armateam,11
katoo,AlliedEsports,11
katoo,POKAMOLODOY,11
katoo,Tourva,8
katoo,giganterichard,8
katoo,OnlyMXC,9
katoo,CastCrafter,15
katoo,KSWINNIIE,10
katoo,Co1azo,13
katoo,allkeyshop_tv,8
katoo,weathernewslive,11
katoo,pulgaboy,14
katoo,war10ck3d,9
katoo,dandogg9,10
katoo,ArcadeBulls,12
katoo,StreamerHouse,9
katoo,kragiee,12
katoo,aesmatv,11
katoo,kangqui,12
katoo,Insomniac,11
Naguura,BruisedByGod,2
Naguura,AlliedEsports,2
Naguura,dmf_kyochan,4
rhobalas_lol,rhobalas_lol,0
Baso,Maty,45
ArcadeBulls,marty_vole,14
ArcadeBulls,EnriqueRamosGamer,12
ArcadeBulls,nannanacho,11
ArcadeBulls,Monstercat,16
ArcadeBulls,derShakes,12
ArcadeBulls,franchiseglobalart,13
ArcadeBulls,chess24fr,9
ArcadeBulls,armateam,11
ArcadeBulls,AlliedEsports,12
ArcadeBulls,OnlyMXC,11
ArcadeBulls,allkeyshop_tv,11
ArcadeBulls,weathernewslive,13
ArcadeBulls,dandogg9,11
ArcadeBulls,StreamerHouse,12
ArcadeBulls,aesmatv,10
ArcadeBulls,DeeThane,20
ArcadeBulls,Insomniac,14
mistafaker,mistafaker,0
ESAMarathon,EnriqueRamosGamer,11
ESAMarathon,MST3K,13
ESAMarathon,nannanacho,11
ESAMarathon,Monstercat,15
ESAMarathon,derShakes,11
ESAMarathon,franchiseglobalart,10
ESAMarathon,armateam,9
ESAMarathon,AlliedEsports,9
ESAMarathon,OnlyMXC,13
ESAMarathon,allkeyshop_tv,13
ESAMarathon,weathernewslive,13
ESAMarathon,TrymacsKaktusKoenig,11
ESAMarathon,dandogg9,9
ESAMarathon,StreamerHouse,12
ESAMarathon,Insomniac,15
mL7support,Jay3,46
mL7support,kragiee,31
StreamerHouse,EnriqueRamosGamer,12
StreamerHouse,MST3K,11
StreamerHouse,nannanacho,9
StreamerHouse,MissDoitBIG,6
StreamerHouse,DashDucks,12
StreamerHouse,Monstercat,12
StreamerHouse,derShakes,8
StreamerHouse,franchiseglobalart,12
StreamerHouse,Yan1,5
StreamerHouse,nugiyen,13
StreamerHouse,chess24fr,6
StreamerHouse,laribasgal,8
StreamerHouse,killercam1020,10
StreamerHouse,armateam,8
StreamerHouse,AlliedEsports,11
StreamerHouse,Lapi,11
StreamerHouse,POKAMOLODOY,8
StreamerHouse,Alliance_Hakis,9
StreamerHouse,TheAdapting,6
StreamerHouse,10000DAYS,11
StreamerHouse,Esportal,8
StreamerHouse,Tourva,10
StreamerHouse,giganterichard,11
StreamerHouse,OnlyMXC,15
StreamerHouse,CastCrafter,13
StreamerHouse,KSWINNIIE,11
StreamerHouse,Falcodrin,11
StreamerHouse,ThomeFN,12
StreamerHouse,allkeyshop_tv,12
StreamerHouse,weathernewslive,11
StreamerHouse,pulgaboy,11
StreamerHouse,war10ck3d,8
StreamerHouse,SaltyBet,12
StreamerHouse,dmf_kyochan,5
StreamerHouse,RiffTrax,14
StreamerHouse,TrymacsKaktusKoenig,8
StreamerHouse,dandogg9,10
StreamerHouse,kragiee,9
StreamerHouse,aesmatv,13
StreamerHouse,DeeThane,10
StreamerHouse,Insomniac,13
Couriway,Wallibear,54
Couriway,HBomb94,38
olyashaa,olyashaa,0
MSStudio,MSStudio,0
pilavpowa,pilavpowa,0
kumikomii,franchiseglobalart,23
kumikomii,jdm2088,56
kumikomii,nanayango3o,75
kumikomii,RiffTrax,19
kumikomii,wkgml,143
fnxLNTC,blxckoutz,25
fnxLNTC,nahzinhaa,28
fnxLNTC,tiburciand0,71
fnxLNTC,SkipNhO,45
fnxLNTC,ThomeFN,16
fnxLNTC,bt0tv,66
FifaTargrean,FifaTargrean,0
FlexZ,FlexZ,0
boyMinORu,boyMinORu,0
NAKOO_Fn,EnriqueRamosGamer,38
NAKOO_Fn,Vicens,51
kragiee,EnriqueRamosGamer,11
kragiee,nannanacho,8
kragiee,MissDoitBIG,6
kragiee,DashDucks,13
kragiee,Monstercat,12
kragiee,derShakes,9
kragiee,franchiseglobalart,10
kragiee,laribasgal,9
kragiee,killercam1020,11
kragiee,armateam,12
kragiee,AlliedEsports,9
kragiee,POKAMOLODOY,11
kragiee,giganterichard,8
kragiee,OnlyMXC,11
kragiee,CastCrafter,12
kragiee,KSWINNIIE,10
kragiee,Co1azo,13
kragiee,allkeyshop_tv,10
kragiee,weathernewslive,10
kragiee,war10ck3d,8
kragiee,RiffTrax,11
kragiee,dandogg9,8
kragiee,aesmatv,11
kragiee,kangqui,11
kragiee,Insomniac,9
LuisOrmenoa27,AlliedEsports,12
RybsonLoL_,RybsonLoL_,0
Wolfabelle,MEKABEAR,82
Wolfabelle,freyzplayz,45
Wolfabelle,theLGX,37
Wolfabelle,Hirona,67
Wolfabelle,Ray__C,77
Wolfabelle,Five0AnthO,54
Wolfabelle,uhSnow,102
Wolfabelle,bananabrea,53
Kotton,Kotton,0
CPentagon,CPentagon,0
AverageJonas,pulgaboy,26
Gingerliness,Gingerliness,0
Afro,MEKABEAR,20
Afro,theLGX,11
Afro,Hirona,37
Afro,Five0AnthO,55
kangqui,EnriqueRamosGamer,9
kangqui,nannanacho,12
kangqui,Monstercat,11
kangqui,derShakes,10
kangqui,franchiseglobalart,10
kangqui,chess24fr,6
kangqui,killercam1020,10
kangqui,armateam,9
kangqui,AlliedEsports,9
kangqui,POKAMOLODOY,10
kangqui,TheAdapting,6
kangqui,giganterichard,7
kangqui,OnlyMXC,9
kangqui,allkeyshop_tv,9
kangqui,weathernewslive,10
kangqui,war10ck3d,7
kangqui,TrymacsKaktusKoenig,7
kangqui,dandogg9,8
kangqui,aesmatv,10
kangqui,Insomniac,10
DeeThane,marty_vole,11
DeeThane,EnriqueRamosGamer,10
DeeThane,franchiseglobalart,9
DeeThane,armateam,8
DeeThane,rdo1337,9
DeeThane,AlliedEsports,9
DeeThane,giganterichard,8
DeeThane,OnlyMXC,9
DeeThane,allkeyshop_tv,7
DeeThane,weathernewslive,7
DeeThane,aesmatv,9
G4G_REVENANT,G4G_REVENANT,0
TheGrefg,IamCristinini,273
otplol_,otplol_,0
ESL_CSGO,ESL_CSGO,0
juansguarnizo,aXoZer,444
SypherPK,franchiseglobalart,22
LIRIK,forsen,348
LIRIK,sodapoppin,814
CohhCarnage,DansGaming,222
auronplay,auronplay,0
HusKerrs,HusKerrs,0
Tfue,Ninja,421
NoWay4u_Sir,agurin,230
Quin69,sodapoppin,489
Ninja,Ninja,0
